year,title,category,nominee,winner,artists,album_name,track_name,popularity,duration_ms,danceability,energy,key,loudness,mode,speechiness,acousticness,instrumentalness,liveness,valence,tempo,time_signature,track_genre,explicit_label,duration_minutes,decade,popularity_range,energy_level,dance_level,duration_category,mood,acousticness_level,tempo_category
2019,62nd Annual GRAMMY Awards  (2019),Best Pop Solo Performance,Truth Hurts,1,Lizzo,Give You Love - Cozy Hits,Truth Hurts,1.0,173325.0,0.715,0.622,4.0,-3.046,0.0,0.111,0.11,0.0,0.123,0.407,158.088,4.0,hip-hop,Explicit,2.89,2010,Low,Medium Energy,Very Danceable,Short (2.5-3.5m),Neutral,Electronic,Very Fast
2019,62nd Annual GRAMMY Awards  (2019),Best Pop Solo Performance,Bad Guy,1,Billie Eilish,"WHEN WE ALL FALL ASLEEP, WHERE DO WE GO?",bad guy,84.0,194087.0,0.701,0.425,7.0,-10.965,1.0,0.375,0.328,0.13,0.1,0.562,135.128,4.0,electro,Clean,3.23,2010,Very Popular,Medium Energy,Very Danceable,Short (2.5-3.5m),Neutral,Hybrid,Fast
2019,62nd Annual GRAMMY Awards  (2019),Best Pop Solo Performance,7 rings,1,Ariana Grande,"thank u, next",7 rings,84.0,178626.0,0.778,0.317,1.0,-10.732,0.0,0.334,0.592,0.0,0.0881,0.327,140.048,4.0,dance,Explicit,2.98,2010,Very Popular,Low Energy,Very Danceable,Short (2.5-3.5m),Sad/Negative,Hybrid,Fast
2019,62nd Annual GRAMMY Awards  (2019),Best Pop Duo/Group Performance,Old Town Road,1,Lil Nas X;Billy Ray Cyrus,7 EP,Old Town Road - Remix,79.0,157066.0,0.878,0.619,6.0,-5.56,1.0,0.102,0.0533,0.0,0.113,0.639,136.041,4.0,hip-hop,Clean,2.62,2010,Popular,Medium Energy,Very Danceable,Short (2.5-3.5m),Happy/Positive,Electronic,Fast
2019,62nd Annual GRAMMY Awards  (2019),Best Pop Duo/Group Performance,Boyfriend,1,Ariana Grande;Social House,boyfriend,boyfriend (with Social House),80.0,186106.0,0.4,0.795,10.0,-3.731,0.0,0.461,0.119,0.0,0.159,0.702,190.097,4.0,dance,Explicit,3.1,2010,Popular,High Energy,Low Danceability,Short (2.5-3.5m),Happy/Positive,Electronic,Very Fast
2019,62nd Annual GRAMMY Awards  (2019),Best Pop Duo/Group Performance,Sucker,1,Jonas Brothers,Happiness Begins,Sucker,81.0,181026.0,0.842,0.734,1.0,-5.065,0.0,0.0588,0.0427,0.0,0.106,0.952,137.958,4.0,dance,Clean,3.02,2010,Very Popular,High Energy,Very Danceable,Short (2.5-3.5m),Happy/Positive,Electronic,Fast
2019,62nd Annual GRAMMY Awards  (2019),Best Pop Duo/Group Performance,Señorita,1,Shawn Mendes;Camila Cabello,Señorita,Señorita,81.0,190960.0,0.759,0.54,9.0,-6.039,0.0,0.0287,0.037,0.0,0.0945,0.75,116.947,4.0,dance,Clean,3.18,2010,Very Popular,Medium Energy,Very Danceable,Short (2.5-3.5m),Happy/Positive,Electronic,Moderate
2019,62nd Annual GRAMMY Awards  (2019),Best Dance Recording,Got To Keep On,1,The Chemical Brothers,No Geography,Got To Keep On,53.0,316680.0,0.721,0.867,6.0,-6.209,0.0,0.0528,0.048,0.125,0.0828,0.917,125.005,4.0,breakbeat,Clean,5.28,2010,Moderate,High Energy,Very Danceable,Long (5+m),Happy/Positive,Electronic,Fast
2019,62nd Annual GRAMMY Awards  (2019),Best Dance Recording,Linked,1,Bonobo,Linked,Linked,54.0,369461.0,0.713,0.725,6.0,-9.951,1.0,0.0385,0.539,0.886,0.111,0.24,122.041,4.0,trip-hop,Clean,6.16,2010,Moderate,High Energy,Very Danceable,Long (5+m),Sad/Negative,Hybrid,Fast
2019,62nd Annual GRAMMY Awards  (2019),Best Dance Recording,Piece Of Your Heart,1,MEDUZA;Goodboys,Piece Of Your Heart,Piece Of Your Heart,77.0,152913.0,0.677,0.744,10.0,-6.806,0.0,0.0295,0.0404,0.00016,0.074,0.631,124.08,4.0,house,Clean,2.55,2010,Popular,High Energy,Danceable,Short (2.5-3.5m),Happy/Positive,Electronic,Fast
2019,62nd Annual GRAMMY Awards  (2019),Best Metal Performance,Bow Down,1,I Prevail,TRAUMA,Bow Down,65.0,242680.0,0.426,0.959,0.0,-4.95,1.0,0.0525,5.36e-05,6.54e-06,0.707,0.372,155.01,4.0,metalcore,Explicit,4.04,2010,Popular,High Energy,Low Danceability,Medium (3.5-5m),Sad/Negative,Electronic,Very Fast
2019,62nd Annual GRAMMY Awards  (2019),Best Rap Performance,Clout,1,Offset;Cardi B,GANG GANG - HIP HOP & RAP,Clout,3.0,205803.0,0.919,0.622,1.0,-7.384,1.0,0.0997,0.23,4.24e-06,0.122,0.423,140.022,4.0,hip-hop,Explicit,3.43,2010,Low,Medium Energy,Very Danceable,Short (2.5-3.5m),Neutral,Electronic,Fast
2019,62nd Annual GRAMMY Awards  (2019),Best Country Duo/Group Performance,Speechless,1,Dan + Shay,Dan + Shay,Speechless,72.0,213386.0,0.616,0.438,1.0,-5.968,1.0,0.0298,0.356,0.0,0.24,0.386,135.929,4.0,country,Clean,3.56,2010,Popular,Medium Energy,Danceable,Medium (3.5-5m),Sad/Negative,Hybrid,Fast
2019,62nd Annual GRAMMY Awards  (2019),Best Contemporary Christian Music Album,Burn The Ships,1,for KING & COUNTRY,Burn The Ships,Burn The Ships,60.0,276400.0,0.497,0.542,5.0,-7.398,1.0,0.0315,0.16,1.4e-05,0.084,0.0707,93.57,4.0,world-music,Clean,4.61,2010,Moderate,Medium Energy,Low Danceability,Medium (3.5-5m),Sad/Negative,Electronic,Moderate
2019,62nd Annual GRAMMY Awards  (2019),Best Contemporary Christian Music Album,Holy Roar,1,Chris Tomlin,Holy Roar,Holy Roar,43.0,251933.0,0.444,0.829,10.0,-4.997,1.0,0.0455,0.00244,0.0,0.0695,0.337,156.146,4.0,world-music,Clean,4.2,2010,Moderate,High Energy,Low Danceability,Medium (3.5-5m),Sad/Negative,Electronic,Very Fast
2019,62nd Annual GRAMMY Awards  (2019),Best American Roots Performance,Call My Name,1,I'm With Her;Sara Watkins;Sarah Jarosz;Aoife O'Donovan,Call My Name,Call My Name,50.0,192666.0,0.598,0.434,6.0,-11.369,1.0,0.0576,0.804,0.0256,0.111,0.433,156.037,4.0,bluegrass,Clean,3.21,2010,Moderate,Medium Energy,Danceable,Short (2.5-3.5m),Neutral,Acoustic,Very Fast
2019,62nd Annual GRAMMY Awards  (2019),Best Remixed Recording,Swim (ford. Remix),1,Unknown Mortal Orchestra,II,Swim and Sleep (Like a Shark),59.0,165226.0,0.766,0.806,8.0,-10.011,1.0,0.0403,0.124,0.171,0.119,0.76,123.51,4.0,psych-rock,Clean,2.75,2010,Moderate,High Energy,Very Danceable,Short (2.5-3.5m),Happy/Positive,Electronic,Fast
2019,62nd Annual GRAMMY Awards  (2019),Best Music Video,Old Town Road (Official Movie),1,Lil Nas X;Billy Ray Cyrus,7 EP,Old Town Road - Remix,79.0,157066.0,0.878,0.619,6.0,-5.56,1.0,0.102,0.0533,0.0,0.113,0.639,136.041,4.0,hip-hop,Clean,2.62,2010,Popular,Medium Energy,Very Danceable,Short (2.5-3.5m),Happy/Positive,Electronic,Fast
2019,62nd Annual GRAMMY Awards  (2019),Best Music Video,We've Got To Try,1,The Chemical Brothers,No Geography,We've Got To Try,40.0,215906.0,0.685,0.969,2.0,-4.426,1.0,0.106,0.00177,0.294,0.0385,0.286,91.992,4.0,breakbeat,Clean,3.6,2010,Low,High Energy,Danceable,Medium (3.5-5m),Sad/Negative,Electronic,Moderate
2019,62nd Annual GRAMMY Awards  (2019),Best Music Video,Cellophane,1,FKA twigs,MAGDALENE,cellophane,63.0,204066.0,0.431,0.284,2.0,-11.858,1.0,0.0432,0.871,0.000136,0.0899,0.229,98.317,1.0,trip-hop,Clean,3.4,2010,Popular,Low Energy,Low Danceability,Short (2.5-3.5m),Sad/Negative,Acoustic,Moderate
2019,62nd Annual GRAMMY Awards  (2019),Best Music Video,Glad He's Gone,1,Tove Lo,Sunshine Kitty,Glad He's Gone,54.0,196348.0,0.795,0.595,1.0,-8.073,1.0,0.0698,0.0823,0.0,0.128,0.502,91.025,4.0,swedish,Explicit,3.27,2010,Moderate,Medium Energy,Very Danceable,Short (2.5-3.5m),Neutral,Electronic,Moderate
2018,61st Annual GRAMMY Awards  (2018),Best Pop Duo/Group Performance,Shallow,1,Lady Gaga;Bradley Cooper,A Star Is Born Soundtrack,Shallow,84.0,215733.0,0.572,0.385,7.0,-6.362,1.0,0.0308,0.371,0.0,0.231,0.323,95.799,4.0,dance,Clean,3.6,2010,Very Popular,Low Energy,Danceable,Medium (3.5-5m),Sad/Negative,Hybrid,Moderate
2018,61st Annual GRAMMY Awards  (2018),Best Dance Recording,Electricity,1,Silk City;Dua Lipa;Diplo;Mark Ronson,Electricity (with Dua Lipa),Electricity (with Dua Lipa),74.0,238173.0,0.588,0.67,0.0,-6.439,1.0,0.0473,0.0104,3.33e-06,0.338,0.505,118.159,4.0,edm,Clean,3.97,2010,Popular,Medium Energy,Danceable,Medium (3.5-5m),Neutral,Electronic,Moderate
2018,61st Annual GRAMMY Awards  (2018),Best Country Solo Performance,Butterflies,1,Kacey Musgraves,Golden Hour,Butterflies,68.0,219053.0,0.689,0.614,4.0,-6.137,0.0,0.0306,0.252,1.95e-05,0.178,0.411,141.97,4.0,country,Clean,3.65,2010,Popular,Medium Energy,Danceable,Medium (3.5-5m),Neutral,Electronic,Fast
2018,61st Annual GRAMMY Awards  (2018),Best Country Duo/Group Performance,Tequila,1,Dan + Shay,Dan + Shay,Tequila,72.0,196746.0,0.489,0.581,11.0,-5.731,1.0,0.0281,0.0312,0.0,0.132,0.494,86.016,4.0,country,Clean,3.28,2010,Popular,Medium Energy,Low Danceability,Short (2.5-3.5m),Neutral,Electronic,Slow
2018,61st Annual GRAMMY Awards  (2018),Best American Roots Performance,The Joke,1,Brandi Carlile,"By The Way, I Forgive You",The Joke,60.0,279373.0,0.236,0.578,7.0,-5.477,1.0,0.0404,0.327,0.00015,0.206,0.227,75.367,4.0,acoustic,Clean,4.66,2010,Moderate,Medium Energy,Low Danceability,Medium (3.5-5m),Sad/Negative,Hybrid,Slow
2017,60th Annual GRAMMY Awards  (2017),Best Pop Solo Performance,Shape Of You,1,Ed Sheeran,÷ (Deluxe),Shape of You,86.0,233712.0,0.825,0.652,1.0,-3.183,0.0,0.0802,0.581,0.0,0.0931,0.931,95.977,4.0,pop,Clean,3.9,2010,Very Popular,Medium Energy,Very Danceable,Medium (3.5-5m),Happy/Positive,Hybrid,Moderate
2017,60th Annual GRAMMY Awards  (2017),Best Rock Performance,You Want It Darker,1,Leonard Cohen,You Want It Darker,You Want It Darker,62.0,284373.0,0.674,0.327,4.0,-16.986,0.0,0.0574,0.613,0.199,0.0756,0.494,108.995,4.0,songwriter,Clean,4.74,2010,Popular,Low Energy,Danceable,Medium (3.5-5m),Neutral,Hybrid,Moderate
2017,60th Annual GRAMMY Awards  (2017),Best R&B Performance,That's What I Like,1,Bruno Mars,24K Magic,That's What I Like,83.0,206693.0,0.853,0.56,1.0,-4.961,1.0,0.0406,0.013,0.0,0.0944,0.86,134.066,4.0,dance,Clean,3.44,2010,Very Popular,Medium Energy,Very Danceable,Short (2.5-3.5m),Happy/Positive,Electronic,Fast
2017,60th Annual GRAMMY Awards  (2017),Best Rap Performance,HUMBLE.,1,Kendrick Lamar,DAMN.,HUMBLE.,84.0,177000.0,0.908,0.621,1.0,-6.638,0.0,0.102,0.000282,5.39e-05,0.0958,0.421,150.011,4.0,hip-hop,Explicit,2.95,2010,Very Popular,Medium Energy,Very Danceable,Short (2.5-3.5m),Neutral,Electronic,Very Fast
2017,60th Annual GRAMMY Awards  (2017),Best Music Video,HUMBLE.,1,Kendrick Lamar,DAMN.,HUMBLE.,84.0,177000.0,0.908,0.621,1.0,-6.638,0.0,0.102,0.000282,5.39e-05,0.0958,0.421,150.011,4.0,hip-hop,Explicit,2.95,2010,Very Popular,Medium Energy,Very Danceable,Short (2.5-3.5m),Neutral,Electronic,Very Fast
2016,59th Annual GRAMMY Awards  (2016),Best Pop Solo Performance,Hello,1,Adele,25,Hello,74.0,295502.0,0.578,0.43,5.0,-6.134,0.0,0.0305,0.33,0.0,0.0854,0.288,78.991,4.0,british,Clean,4.93,2010,Popular,Medium Energy,Danceable,Medium (3.5-5m),Sad/Negative,Hybrid,Slow
2016,59th Annual GRAMMY Awards  (2016),Best Pop Duo/Group Performance,Stressed Out,1,Twenty One Pilots,Blurryface,Stressed Out,85.0,202333.0,0.734,0.637,4.0,-5.677,0.0,0.141,0.0462,2.29e-05,0.0602,0.648,169.977,4.0,rock,Clean,3.37,2010,Very Popular,Medium Energy,Very Danceable,Short (2.5-3.5m),Happy/Positive,Electronic,Very Fast
2016,59th Annual GRAMMY Awards  (2016),Best Dance Recording,Don't Let Me Down,1,The Chainsmokers;Daya,Don't Let Me Down,Don't Let Me Down,80.0,208373.0,0.532,0.869,11.0,-5.094,1.0,0.172,0.157,0.00508,0.136,0.422,159.803,4.0,house,Clean,3.47,2010,Popular,High Energy,Danceable,Short (2.5-3.5m),Neutral,Electronic,Very Fast
2016,59th Annual GRAMMY Awards  (2016),Best Country Solo Performance,My Church,1,Maren Morris,HERO (Deluxe Edition),My Church,69.0,197930.0,0.517,0.743,9.0,-4.336,1.0,0.0363,0.243,3.36e-06,0.107,0.664,76.979,4.0,country,Clean,3.3,2010,Popular,High Energy,Danceable,Short (2.5-3.5m),Happy/Positive,Electronic,Slow
2015,58th Annual GRAMMY Awards  (2015),Best Pop Duo/Group Performance,Uptown Funk,1,Mark Ronson;Bruno Mars,Uptown Special,Uptown Funk (feat. Bruno Mars),83.0,269666.0,0.856,0.609,0.0,-7.223,1.0,0.0824,0.00801,8.15e-05,0.0344,0.928,114.988,4.0,dance,Explicit,4.49,2010,Very Popular,Medium Energy,Very Danceable,Medium (3.5-5m),Happy/Positive,Electronic,Moderate
2015,58th Annual GRAMMY Awards  (2015),Best Metal Performance,Cirice,1,Ghost,Meliora,Cirice,63.0,362093.0,0.555,0.798,3.0,-5.658,1.0,0.0279,0.00254,1.5e-05,0.171,0.284,89.987,4.0,hard-rock,Clean,6.03,2010,Popular,High Energy,Danceable,Long (5+m),Sad/Negative,Electronic,Slow
2015,58th Annual GRAMMY Awards  (2015),Best Country Duo/Group Performance,Girl Crush,1,Little Big Town,Pain Killer,Girl Crush,70.0,193320.0,0.5,0.225,0.0,-10.22,1.0,0.0302,0.842,0.0,0.112,0.355,173.788,3.0,country,Clean,3.22,2010,Popular,Low Energy,Low Danceability,Short (2.5-3.5m),Sad/Negative,Acoustic,Very Fast
2014,57th Annual GRAMMY Awards  (2014),Best Dance Recording,Rather Be,1,Clean Bandit;Jess Glynne,New Eyes,Rather Be (feat. Jess Glynne),72.0,227833.0,0.799,0.586,11.0,-6.735,1.0,0.0377,0.162,2.03e-06,0.193,0.549,120.97,4.0,funk,Clean,3.8,2010,Popular,Medium Energy,Very Danceable,Medium (3.5-5m),Neutral,Electronic,Fast
2014,57th Annual GRAMMY Awards  (2014),Best Rock Performance,Lazaretto,1,Jack White,Lazaretto,Lazaretto,58.0,219400.0,0.381,0.838,6.0,-6.562,0.0,0.0709,0.0046,3.77e-05,0.101,0.581,118.214,4.0,garage,Clean,3.66,2010,Moderate,High Energy,Low Danceability,Medium (3.5-5m),Neutral,Electronic,Moderate
2014,57th Annual GRAMMY Awards  (2014),Best Rap Performance,I,1,Kendrick Lamar;SZA,Black Panther The Album Music From And Inspired By,All The Stars (with SZA),83.0,232186.0,0.698,0.633,8.0,-4.946,1.0,0.0597,0.0605,0.000194,0.0926,0.552,96.924,4.0,hip-hop,Explicit,3.87,2010,Very Popular,Medium Energy,Danceable,Medium (3.5-5m),Neutral,Electronic,Moderate
2014,57th Annual GRAMMY Awards  (2014),Best Rap Song,I,1,Free Nationals;Daniel Caesar;Unknown Mortal Orchestra,Free Nationals,Beauty & Essex (feat. Daniel Caesar & Unknown Mortal Orchestra),69.0,277046.0,0.552,0.741,11.0,-5.419,0.0,0.0542,0.284,8.2e-05,0.334,0.718,69.709,4.0,soul,Explicit,4.62,2010,Popular,High Energy,Danceable,Medium (3.5-5m),Happy/Positive,Electronic,Slow
2013,56th Annual GRAMMY Awards  (2013),Best Pop Duo/Group Performance,Get Lucky,1,Daft Punk;Pharrell Williams;Nile Rodgers,Get Lucky (feat. Pharrell Williams & Nile Rodgers) [Radio Edit],Get Lucky (feat. Pharrell Williams & Nile Rodgers) - Radio Edit,82.0,248413.0,0.794,0.811,6.0,-8.966,0.0,0.038,0.0426,1.07e-06,0.101,0.862,116.047,4.0,house,Clean,4.14,2010,Very Popular,High Energy,Very Danceable,Medium (3.5-5m),Happy/Positive,Electronic,Moderate
2013,56th Annual GRAMMY Awards  (2013),Best Dance Recording,Clarity,1,Zedd;Foxes,Clarity,Clarity,75.0,271426.0,0.509,0.781,8.0,-3.48,1.0,0.072,0.0398,0.0,0.0749,0.176,128.0,4.0,german,Clean,4.52,2010,Popular,High Energy,Danceable,Medium (3.5-5m),Sad/Negative,Electronic,Fast
2013,56th Annual GRAMMY Awards  (2013),Best Rock Performance,Radioactive,1,Imagine Dragons,Night Visions,Radioactive,80.0,186813.0,0.448,0.784,9.0,-3.686,1.0,0.0627,0.106,0.000108,0.668,0.236,136.245,4.0,rock,Clean,3.11,2010,Popular,High Energy,Low Danceability,Short (2.5-3.5m),Sad/Negative,Electronic,Fast
2013,56th Annual GRAMMY Awards  (2013),Best Metal Performance,God Is Dead?,1,Black Sabbath,13,God Is Dead?,58.0,532266.0,0.379,0.726,3.0,-4.935,0.0,0.0332,0.000193,0.00266,0.0578,0.178,120.012,4.0,hard-rock,Clean,8.87,2010,Moderate,High Energy,Low Danceability,Long (5+m),Sad/Negative,Electronic,Fast
2013,56th Annual GRAMMY Awards  (2013),Best Country Solo Performance,Wagon Wheel,1,Darius Rucker,True Believers,Wagon Wheel,78.0,298373.0,0.537,0.66,9.0,-7.174,1.0,0.0296,0.455,0.0,0.135,0.574,148.096,4.0,country,Clean,4.97,2010,Popular,Medium Energy,Danceable,Medium (3.5-5m),Neutral,Hybrid,Fast
2012,55th Annual GRAMMY Awards  (2012),Best Dance Recording,Bangarang,1,Skrillex;Sirah,Bangarang EP,Bangarang (feat. Sirah),71.0,215253.0,0.716,0.972,7.0,-2.302,1.0,0.196,0.0145,3.22e-05,0.317,0.576,110.026,4.0,edm,Explicit,3.59,2010,Popular,High Energy,Very Danceable,Medium (3.5-5m),Neutral,Electronic,Moderate
2012,55th Annual GRAMMY Awards  (2012),Best Rock Performance,Lonely Boy,1,The Black Keys,El Camino,Lonely Boy,73.0,193653.0,0.356,0.872,2.0,-7.837,1.0,0.068,0.00417,0.00975,0.0997,0.607,166.3,4.0,blues,Clean,3.23,2010,Popular,High Energy,Low Danceability,Short (2.5-3.5m),Happy/Positive,Electronic,Very Fast
2012,55th Annual GRAMMY Awards  (2012),Best Gospel/Contemporary Christian Music Performance,"10,000 Reasons (Bless The Lord)",1,Matt Redman,"10,000 Reasons (Live)","10,000 Reasons (Bless The Lord) - Live",66.0,342493.0,0.431,0.485,7.0,-8.085,1.0,0.0274,0.452,0.0,0.544,0.367,145.22,4.0,alt-rock,Clean,5.71,2010,Popular,Medium Energy,Low Danceability,Long (5+m),Sad/Negative,Hybrid,Fast
2011,54th Annual GRAMMY Awards  (2011),Best Pop Solo Performance,Someone Like You,1,Adele,21,Someone Like You,81.0,285240.0,0.556,0.319,9.0,-8.251,1.0,0.0281,0.893,0.0,0.0996,0.294,135.187,4.0,british,Clean,4.75,2010,Very Popular,Low Energy,Danceable,Medium (3.5-5m),Sad/Negative,Acoustic,Fast
2011,54th Annual GRAMMY Awards  (2011),Best Rock Performance,Walk,1,Foo Fighters,Wasting Light,Walk,70.0,255960.0,0.234,0.865,9.0,-5.131,1.0,0.0516,3.62e-05,0.000532,0.289,0.194,137.107,4.0,metal,Clean,4.27,2010,Popular,High Energy,Low Danceability,Medium (3.5-5m),Sad/Negative,Electronic,Fast
2011,54th Annual GRAMMY Awards  (2011),Best Short Form Music Video,Rolling In The Deep,1,Adele,21,Rolling in the Deep,81.0,228093.0,0.73,0.769,8.0,-5.114,1.0,0.0298,0.138,0.0,0.0473,0.507,104.948,4.0,british,Explicit,3.8,2010,Very Popular,High Energy,Very Danceable,Medium (3.5-5m),Neutral,Electronic,Moderate
2010,53rd Annual GRAMMY Awards  (2010),Best Male Pop Vocal Performance,Just The Way You Are,1,Bruno Mars,Doo-Wops & Hooligans,Just the Way You Are,82.0,220734.0,0.635,0.841,5.0,-5.379,1.0,0.0422,0.0134,0.0,0.0622,0.424,109.021,4.0,dance,Clean,3.68,2010,Very Popular,High Energy,Danceable,Medium (3.5-5m),Neutral,Electronic,Moderate
2010,53rd Annual GRAMMY Awards  (2010),Best Pop Performance By A Duo Or Group With Vocals,"Hey, Soul Sister (Live)",1,Train,"Save Me, San Francisco (Golden Gate Edition)","Hey, Soul Sister",82.0,216773.0,0.673,0.886,1.0,-4.44,0.0,0.0431,0.185,0.0,0.0826,0.795,97.012,4.0,rock,Clean,3.61,2010,Very Popular,High Energy,Danceable,Medium (3.5-5m),Happy/Positive,Electronic,Moderate
2010,53rd Annual GRAMMY Awards  (2010),Best Rock Performance By A Duo Or Group With Vocals,Tighten Up,1,The Black Keys,Brothers (Deluxe Remastered Anniversary Edition),Tighten Up,61.0,211336.0,0.517,0.711,6.0,-5.84,0.0,0.0627,0.000763,7.15e-06,0.568,0.582,108.846,4.0,punk-rock,Clean,3.52,2010,Popular,High Energy,Danceable,Medium (3.5-5m),Neutral,Electronic,Moderate
2010,53rd Annual GRAMMY Awards  (2010),Best Rap Solo Performance,Not Afraid,1,Eminem,Recovery,Not Afraid,81.0,248133.0,0.855,0.954,0.0,-1.19,0.0,0.264,0.529,0.0,0.205,0.668,114.635,5.0,hip-hop,Explicit,4.14,2010,Very Popular,High Energy,Very Danceable,Medium (3.5-5m),Happy/Positive,Hybrid,Moderate
2009,52nd Annual GRAMMY Awards  (2009),Best Dance Recording,Poker Face,1,Lady Gaga,OO's Music Grandi Successi,Poker Face,3.0,238906.0,0.851,0.818,4.0,-4.637,1.0,0.0789,0.112,2.94e-06,0.0945,0.808,119.006,4.0,dance,Clean,3.98,2000,Low,High Energy,Very Danceable,Medium (3.5-5m),Happy/Positive,Electronic,Moderate
2009,52nd Annual GRAMMY Awards  (2009),Best Hard Rock Performance,War Machine,1,AC/DC,Black Ice,War Machine,61.0,189786.0,0.518,0.718,9.0,-4.355,1.0,0.0343,4.85e-05,0.244,0.25,0.531,127.593,4.0,hard-rock,Clean,3.16,2000,Popular,High Energy,Danceable,Short (2.5-3.5m),Neutral,Electronic,Fast
2009,52nd Annual GRAMMY Awards  (2009),"Best Score Soundtrack Album For Motion Picture, Television Or Other Visual Media",Up,1,Unknown Brain;Chris Linton,Superhero,Superhero,65.0,179224.0,0.667,0.937,8.0,-4.053,0.0,0.0709,0.0271,1.27e-05,0.318,0.22,75.015,4.0,edm,Clean,2.99,2000,Popular,High Energy,Danceable,Short (2.5-3.5m),Sad/Negative,Electronic,Slow
2008,51st Annual GRAMMY Awards  (2008),Best Female Pop Vocal Performance,Chasing Pavements,1,Adele,19,Chasing Pavements,74.0,210506.0,0.616,0.47,5.0,-6.092,0.0,0.0253,0.291,0.0,0.111,0.325,80.03,4.0,british,Clean,3.51,2000,Popular,Medium Energy,Danceable,Medium (3.5-5m),Sad/Negative,Electronic,Slow
2008,51st Annual GRAMMY Awards  (2008),Best Male Pop Vocal Performance,Say,1,John Mayer,Say,Say,61.0,230213.0,0.485,0.723,10.0,-6.565,1.0,0.0317,0.541,1.12e-06,0.075,0.541,167.845,4.0,songwriter,Clean,3.84,2000,Popular,High Energy,Low Danceability,Medium (3.5-5m),Neutral,Hybrid,Very Fast
2008,51st Annual GRAMMY Awards  (2008),Best Solo Rock Vocal Performance,Gravity,1,John Mayer,Continuum,Gravity,72.0,245826.0,0.753,0.326,7.0,-9.883,1.0,0.0342,0.731,0.00131,0.24,0.237,123.799,3.0,singer-songwriter,Clean,4.1,2000,Popular,Low Energy,Very Danceable,Medium (3.5-5m),Sad/Negative,Acoustic,Fast
2008,51st Annual GRAMMY Awards  (2008),Best Short Form Music Video,Pork And Beans,1,Weezer,Weezer,Pork And Beans,52.0,189400.0,0.599,0.626,6.0,-6.622,1.0,0.0339,0.0108,8.8e-06,0.158,0.708,119.837,4.0,power-pop,Clean,3.16,2000,Moderate,Medium Energy,Danceable,Short (2.5-3.5m),Happy/Positive,Electronic,Moderate
2007,50th Annual GRAMMY Awards  (2007),Best Female Pop Vocal Performance,Rehab,1,Amy Winehouse,Back To Black (Deluxe Edition),Rehab,73.0,214946.0,0.407,0.558,0.0,-13.609,1.0,0.0552,0.0541,1.51e-06,0.34,0.777,71.815,4.0,british,Clean,3.58,2000,Popular,Medium Energy,Low Danceability,Medium (3.5-5m),Happy/Positive,Electronic,Slow
2007,50th Annual GRAMMY Awards  (2007),Best Rock Performance By A Duo Or Group With Vocals,Icky Thump,1,The White Stripes,Icky Thump,Icky Thump,67.0,254533.0,0.417,0.63,9.0,-7.24,1.0,0.0898,0.0209,0.0134,0.0543,0.341,94.214,4.0,garage,Clean,4.24,2000,Popular,Medium Energy,Low Danceability,Medium (3.5-5m),Sad/Negative,Electronic,Moderate
2007,50th Annual GRAMMY Awards  (2007),Best Hard Rock Performance,The Pretender,1,Foo Fighters,"Echoes, Silence, Patience & Grace",The Pretender,79.0,269373.0,0.433,0.959,9.0,-4.04,1.0,0.0431,0.000917,0.0,0.028,0.365,172.984,4.0,grunge,Clean,4.49,2000,Popular,High Energy,Low Danceability,Medium (3.5-5m),Sad/Negative,Electronic,Very Fast
2007,50th Annual GRAMMY Awards  (2007),Best Alternative Music Album,Icky Thump,1,The White Stripes,Icky Thump,Icky Thump,67.0,254533.0,0.417,0.63,9.0,-7.24,1.0,0.0898,0.0209,0.0134,0.0543,0.341,94.214,4.0,garage,Clean,4.24,2000,Popular,Medium Energy,Low Danceability,Medium (3.5-5m),Sad/Negative,Electronic,Moderate
2007,50th Annual GRAMMY Awards  (2007),Best Female R&B Vocal Performance,No One,1,Alicia Keys,As I Am (Expanded Edition),No One,78.0,253813.0,0.644,0.549,1.0,-5.415,0.0,0.0285,0.0209,8.85e-06,0.134,0.167,90.04,4.0,soul,Clean,4.23,2000,Popular,Medium Energy,Danceable,Medium (3.5-5m),Sad/Negative,Electronic,Moderate
2007,50th Annual GRAMMY Awards  (2007),Best Female Country Vocal Performance,Before He Cheats,1,Carrie Underwood,Some Hearts,Before He Cheats,78.0,199946.0,0.519,0.749,6.0,-3.318,0.0,0.0405,0.271,0.0,0.119,0.29,147.905,4.0,country,Clean,3.33,2000,Popular,High Energy,Danceable,Short (2.5-3.5m),Sad/Negative,Electronic,Fast
2006,49th Annual GRAMMY Awards  (2006),Best Male Pop Vocal Performance,Waiting On The World To Change,1,John Mayer,Continuum,Waiting On the World to Change,73.0,201173.0,0.578,0.756,2.0,-5.82,1.0,0.115,0.157,0.000232,0.249,0.663,176.739,4.0,singer-songwriter,Clean,3.35,2000,Popular,High Energy,Danceable,Short (2.5-3.5m),Happy/Positive,Electronic,Very Fast
2006,49th Annual GRAMMY Awards  (2006),Best Rock Performance By A Duo Or Group With Vocal,Dani California,1,Red Hot Chili Peppers,Stadium Arcadium,Dani California,78.0,282160.0,0.556,0.913,0.0,-2.36,1.0,0.0437,0.0193,8.59e-06,0.346,0.73,96.184,4.0,alt-rock,Clean,4.7,2000,Popular,High Energy,Danceable,Medium (3.5-5m),Happy/Positive,Electronic,Moderate
2006,49th Annual GRAMMY Awards  (2006),Best Hard Rock Performance,Woman,1,Wolfmother,Wolfmother,Woman,65.0,176306.0,0.219,0.952,2.0,-3.621,1.0,0.176,5.1e-05,0.0989,0.157,0.172,112.886,1.0,psych-rock,Clean,2.94,2000,Popular,High Energy,Low Danceability,Short (2.5-3.5m),Sad/Negative,Electronic,Moderate
2006,49th Annual GRAMMY Awards  (2006),Best Urban/Alternative Performance,Crazy,1,Gnarls Barkley,St. Elsewhere,Crazy,76.0,177466.0,0.855,0.587,8.0,-4.589,1.0,0.0336,0.0505,0.00714,0.105,0.64,111.97,4.0,soul,Clean,2.96,2000,Popular,Medium Energy,Very Danceable,Short (2.5-3.5m),Happy/Positive,Electronic,Moderate
2005,48th Annual GRAMMY Awards  (2005),Best Hard Rock Performance,B.Y.O.B.,1,System Of A Down,Mezmerize,B.Y.O.B.,77.0,255466.0,0.538,0.981,1.0,-2.688,0.0,0.14,0.00662,0.0,0.219,0.711,101.414,4.0,metal,Explicit,4.26,2000,Popular,High Energy,Danceable,Medium (3.5-5m),Happy/Positive,Electronic,Moderate
2005,48th Annual GRAMMY Awards  (2005),Best Metal Performance,Before I Forget,1,Slipknot,Vol. 3: The Subliminal Verses,Before I Forget,77.0,278600.0,0.291,0.974,6.0,-2.997,0.0,0.171,0.0177,5.44e-06,0.886,0.348,134.724,4.0,metal,Clean,4.64,2000,Popular,High Energy,Low Danceability,Medium (3.5-5m),Sad/Negative,Electronic,Fast
2004,47th Annual GRAMMY Awards  (2004),Best Female Pop Vocal Performance,Sunrise,1,Norah Jones,Feels Like Home,Sunrise,73.0,200626.0,0.526,0.299,8.0,-13.797,1.0,0.031,0.941,0.097,0.106,0.679,156.848,4.0,j-pop,Clean,3.34,2000,Popular,Low Energy,Danceable,Short (2.5-3.5m),Happy/Positive,Acoustic,Very Fast
2004,47th Annual GRAMMY Awards  (2004),Best Male Pop Vocal Performance,Daughters,1,John Mayer,Heavier Things,Daughters,67.0,237906.0,0.674,0.413,2.0,-7.816,1.0,0.0274,0.836,1.95e-05,0.098,0.503,124.893,3.0,singer-songwriter,Clean,3.97,2000,Popular,Medium Energy,Danceable,Medium (3.5-5m),Neutral,Acoustic,Fast
2004,47th Annual GRAMMY Awards  (2004),Best Hard Rock Performance,Slither,1,Velvet Revolver,Contraband,Slither,53.0,248306.0,0.473,0.973,7.0,-3.831,1.0,0.11,0.00025,0.153,0.0782,0.291,141.09,4.0,hard-rock,Clean,4.14,2000,Moderate,High Energy,Low Danceability,Medium (3.5-5m),Sad/Negative,Electronic,Fast
2004,47th Annual GRAMMY Awards  (2004),Best Female R&B Vocal Performance,If I Ain't Got You,1,Alicia Keys,The Diary Of Alicia Keys,If I Ain't Got You,80.0,228706.0,0.609,0.444,7.0,-9.129,1.0,0.106,0.603,6.86e-06,0.104,0.166,118.402,3.0,soul,Clean,3.81,2000,Popular,Medium Energy,Danceable,Medium (3.5-5m),Sad/Negative,Hybrid,Moderate
2003,46th Annual GRAMMY Awards  (2003),Best Metal Performance,St. Anger,1,Metallica,St. Anger,St. Anger,62.0,441132.0,0.396,0.947,2.0,-2.652,0.0,0.0477,0.00115,0.0179,0.089,0.443,93.043,4.0,hard-rock,Explicit,7.35,2000,Popular,High Energy,Low Danceability,Long (5+m),Neutral,Electronic,Moderate
2003,46th Annual GRAMMY Awards  (2003),Best Male Rap Solo Performance,Lose Yourself,1,Eminem,Just Lose It,"Lose Yourself - From ""8 Mile"" Soundtrack",79.0,322226.0,0.686,0.735,2.0,-4.616,1.0,0.264,0.00921,0.00066,0.342,0.0596,171.355,4.0,hip-hop,Explicit,5.37,2000,Popular,High Energy,Danceable,Long (5+m),Sad/Negative,Electronic,Very Fast
2003,46th Annual GRAMMY Awards  (2003),Best Country Instrumental Performance,Cluck Old Hen,1,Alison Krauss & Union Station,Every Time You Say Goodbye,Cluck Old Hen,24.0,154506.0,0.626,0.536,9.0,-12.903,1.0,0.0335,0.652,0.892,0.0727,0.963,125.139,4.0,bluegrass,Clean,2.58,2000,Low,Medium Energy,Danceable,Short (2.5-3.5m),Happy/Positive,Hybrid,Fast
2003,46th Annual GRAMMY Awards  (2003),Best Short Form Music Video,Hurt,1,Johnny Cash,American IV: The Man Comes Around,Hurt,74.0,216533.0,0.534,0.392,9.0,-7.636,0.0,0.0267,0.649,0.000227,0.0948,0.163,90.379,4.0,country,Clean,3.61,2000,Popular,Low Energy,Danceable,Medium (3.5-5m),Sad/Negative,Hybrid,Moderate
2002,45th Annual GRAMMY Awards  (2002),Best Female Pop Vocal Performance,Don't Know Why,1,Norah Jones,Come Away With Me (Super Deluxe Edition),Don't Know Why,76.0,186251.0,0.745,0.219,5.0,-11.216,1.0,0.0276,0.851,1.8e-05,0.0678,0.635,88.609,4.0,j-pop,Clean,3.1,2000,Popular,Low Energy,Very Danceable,Short (2.5-3.5m),Happy/Positive,Acoustic,Slow
2002,45th Annual GRAMMY Awards  (2002),Best Male Pop Vocal Performance,Your Body Is A Wonderland,1,John Mayer,Room For Squares,Your Body Is a Wonderland,74.0,249626.0,0.647,0.729,5.0,-6.251,1.0,0.0236,0.0206,0.0489,0.134,0.687,94.01,4.0,songwriter,Clean,4.16,2000,Popular,High Energy,Danceable,Medium (3.5-5m),Happy/Positive,Electronic,Moderate
2002,45th Annual GRAMMY Awards  (2002),Best Hard Rock Performance,All My Life,1,Foo Fighters,One By One (Expanded Edition),All My Life,74.0,263440.0,0.577,0.604,5.0,-5.703,1.0,0.0495,0.000218,0.000579,0.477,0.637,167.719,4.0,grunge,Clean,4.39,2000,Popular,Medium Energy,Danceable,Medium (3.5-5m),Happy/Positive,Electronic,Very Fast
2002,45th Annual GRAMMY Awards  (2002),Best Short Form Music Video,Without Me,1,Eminem,The Eminem Show,Without Me,88.0,290320.0,0.908,0.669,7.0,-2.827,1.0,0.0738,0.00286,0.0,0.237,0.662,112.238,4.0,hip-hop,Explicit,4.84,2000,Very Popular,Medium Energy,Very Danceable,Medium (3.5-5m),Happy/Positive,Electronic,Moderate
2001,44th Annual GRAMMY Awards  (2001),Best Female Pop Vocal Performance,I'm Like A Bird,1,Nelly Furtado,OO's Music Grandi Successi,I'm Like A Bird,1.0,243160.0,0.623,0.607,10.0,-5.113,1.0,0.0353,0.147,3.29e-06,0.227,0.614,89.654,4.0,latin,Clean,4.05,2000,Low,Medium Energy,Danceable,Medium (3.5-5m),Happy/Positive,Electronic,Slow
2001,44th Annual GRAMMY Awards  (2001),Best Hard Rock Performance,Crawling,1,Linkin Park,Hybrid Theory (Bonus Edition),Crawling,76.0,208960.0,0.58,0.702,4.0,-5.565,1.0,0.0337,0.0466,3.2e-06,0.536,0.299,105.076,4.0,alternative,Clean,3.48,2000,Popular,High Energy,Danceable,Short (2.5-3.5m),Sad/Negative,Electronic,Moderate
2001,44th Annual GRAMMY Awards  (2001),Best Metal Performance,Schism,1,TOOL,Lateralus,Schism,70.0,403533.0,0.567,0.714,9.0,-8.512,0.0,0.0302,0.0012,0.417,0.186,0.191,107.441,3.0,alt-rock,Clean,6.73,2000,Popular,High Energy,Danceable,Long (5+m),Sad/Negative,Electronic,Moderate
2000,43rd Annual GRAMMY Awards  (2000),Best Female Pop Vocal Performance,I Try,1,Macy Gray,On How Life Is,I Try,72.0,239440.0,0.593,0.642,2.0,-7.284,1.0,0.0299,0.313,0.000582,0.0804,0.736,76.403,4.0,soul,Clean,3.99,2000,Popular,Medium Energy,Danceable,Medium (3.5-5m),Happy/Positive,Hybrid,Slow
2000,43rd Annual GRAMMY Awards  (2000),Best Hard Rock Performance,Guerrilla Radio,1,Rage Against The Machine,The Battle Of Los Angeles,Guerrilla Radio,71.0,206200.0,0.599,0.957,11.0,-5.764,1.0,0.188,0.0129,7.06e-05,0.155,0.489,103.68,4.0,metal,Explicit,3.44,2000,Popular,High Energy,Danceable,Short (2.5-3.5m),Neutral,Electronic,Moderate
2000,43rd Annual GRAMMY Awards  (2000),Best Rap Solo Performance,The Real Slim Shady,1,Eminem,The Marshall Mathers LP,The Real Slim Shady,87.0,284200.0,0.949,0.661,5.0,-4.244,0.0,0.0572,0.0302,0.0,0.0454,0.76,104.504,4.0,hip-hop,Explicit,4.74,2000,Very Popular,Medium Energy,Very Danceable,Medium (3.5-5m),Happy/Positive,Electronic,Moderate
2000,43rd Annual GRAMMY Awards  (2000),Best Rap Performance By A Duo Or Group,Forgot About Dre,1,Dr. Dre;Eminem,2001,Forgot About Dre,80.0,222293.0,0.924,0.74,8.0,-1.299,1.0,0.0774,0.0827,0.0,0.163,0.621,133.974,4.0,funk,Explicit,3.7,2000,Popular,High Energy,Very Danceable,Medium (3.5-5m),Happy/Positive,Electronic,Fast
2000,43rd Annual GRAMMY Awards  (2000),Best Female Country Vocal Performance,Breathe,1,Faith Hill,Breathe,Breathe,67.0,250546.0,0.529,0.496,7.0,-9.007,1.0,0.029,0.173,0.0,0.251,0.278,136.859,4.0,country,Clean,4.18,2000,Popular,Medium Energy,Danceable,Medium (3.5-5m),Sad/Negative,Electronic,Fast
2000,43rd Annual GRAMMY Awards  (2000),Best Short Form Music Video,Learn To Fly,1,Foo Fighters,There Is Nothing Left To Lose,Learn to Fly,77.0,235293.0,0.465,0.919,4.0,-4.025,1.0,0.0408,1.83e-05,2.07e-05,0.262,0.537,135.997,4.0,metal,Clean,3.92,2000,Popular,High Energy,Low Danceability,Medium (3.5-5m),Neutral,Electronic,Fast
1999,42nd Annual GRAMMY Awards  (1999),Best Pop Performance By A Duo Or Group With Vocal,Maria Maria,1,Santana;The Product G&B,Supernatural (Remastered),Maria Maria (feat. The Product G&B),67.0,261973.0,0.777,0.601,2.0,-5.931,1.0,0.126,0.0406,0.00201,0.0348,0.68,97.911,4.0,blues,Clean,4.37,1990,Popular,Medium Energy,Very Danceable,Medium (3.5-5m),Happy/Positive,Electronic,Moderate
1999,42nd Annual GRAMMY Awards  (1999),Best Male Rock Vocal Performance,American Woman,1,Lenny Kravitz,Hits Pop Rock 90's,American Woman,1.0,261706.0,0.649,0.709,1.0,-7.989,1.0,0.0802,0.0212,0.0,0.0732,0.605,83.975,4.0,rock,Clean,4.36,1990,Low,High Energy,Danceable,Medium (3.5-5m),Happy/Positive,Electronic,Slow
1999,42nd Annual GRAMMY Awards  (1999),Best Hard Rock Performance,Whiskey In The Jar,1,Metallica,Garage Inc.,Whiskey In The Jar,75.0,304693.0,0.511,0.97,10.0,-3.72,1.0,0.0414,5.6e-06,0.00136,0.18,0.566,132.986,4.0,hard-rock,Clean,5.08,1990,Popular,High Energy,Danceable,Long (5+m),Neutral,Electronic,Fast
1999,42nd Annual GRAMMY Awards  (1999),Best Metal Performance,Iron Man,1,Black Sabbath,Paranoid,Iron Man (2009 - Remaster),37.0,354213.0,0.334,0.828,9.0,-9.168,1.0,0.0985,0.00312,0.0043,0.0949,0.515,157.891,4.0,metal,Clean,5.9,1990,Low,High Energy,Low Danceability,Long (5+m),Neutral,Electronic,Very Fast
1999,42nd Annual GRAMMY Awards  (1999),Best Female Country Vocal Performance,Man! I Feel Like A Woman!,1,Shania Twain,Come On Over,Man! I Feel Like A Woman!,78.0,234493.0,0.657,0.639,10.0,-7.527,1.0,0.0412,0.581,0.0,0.278,0.674,124.882,4.0,country,Clean,3.91,1990,Popular,Medium Energy,Danceable,Medium (3.5-5m),Happy/Positive,Hybrid,Fast
1999,42nd Annual GRAMMY Awards  (1999),Best Male Country Vocal Performance,Choices,1,George Jones,Cold Hard Truth,Choices,51.0,206213.0,0.476,0.349,2.0,-11.635,1.0,0.0275,0.537,0.0,0.0805,0.316,138.085,4.0,honky-tonk,Clean,3.44,1990,Moderate,Low Energy,Low Danceability,Short (2.5-3.5m),Sad/Negative,Hybrid,Fast
1999,42nd Annual GRAMMY Awards  (1999),Best Short Form Music Video,Freak On A Leash,1,Korn,Follow The Leader,Freak On a Leash,76.0,255733.0,0.353,0.898,2.0,-5.877,1.0,0.052,2.23e-05,0.105,0.39,0.525,103.293,4.0,metal,Explicit,4.26,1990,Popular,High Energy,Low Danceability,Medium (3.5-5m),Neutral,Electronic,Moderate
1998,41st Annual GRAMMY Awards  (1998),Best Rock Performance By A Duo Or Group With Vocal,Pink,1,Aerosmith,Nine Lives,Pink,63.0,235360.0,0.432,0.751,0.0,-5.124,1.0,0.0423,0.0134,4.58e-06,0.126,0.776,171.85,4.0,hard-rock,Clean,3.92,1990,Popular,High Energy,Low Danceability,Medium (3.5-5m),Happy/Positive,Electronic,Very Fast
1998,41st Annual GRAMMY Awards  (1998),Best Female Country Vocal Performance,You're Still The One,1,Shania Twain,Come On Over,You're Still The One,78.0,212200.0,0.585,0.494,3.0,-8.751,1.0,0.0353,0.363,0.0,0.0886,0.634,133.822,4.0,country,Clean,3.54,1990,Popular,Medium Energy,Danceable,Medium (3.5-5m),Happy/Positive,Hybrid,Fast
1997,40th Annual GRAMMY Awards  (1997),Best Male Pop Vocal Performance,Candle In The Wind 1997,1,Elton John,Candle In The Wind 1997 / Something About ...,Candle In The Wind 1997,59.0,250106.0,0.45,0.311,4.0,-8.175,1.0,0.0314,0.977,0.00713,0.167,0.367,125.648,4.0,piano,Clean,4.17,1990,Moderate,Low Energy,Low Danceability,Medium (3.5-5m),Sad/Negative,Acoustic,Fast
1997,40th Annual GRAMMY Awards  (1997),Best Female Rock Vocal Performance,Criminal,1,Fiona Apple,Tidal,Criminal,63.0,341533.0,0.595,0.804,7.0,-7.911,0.0,0.0326,0.0129,1.97e-05,0.299,0.586,89.846,4.0,piano,Clean,5.69,1990,Popular,High Energy,Danceable,Long (5+m),Neutral,Electronic,Slow
1997,40th Annual GRAMMY Awards  (1997),Best Rock Performance By A Duo Or Group With Vocal,One Headlight,1,The Wallflowers,Bringing Down The Horse,One Headlight,73.0,312626.0,0.701,0.539,2.0,-8.968,1.0,0.0277,0.000655,0.005,0.0589,0.752,107.531,4.0,grunge,Clean,5.21,1990,Popular,Medium Energy,Very Danceable,Long (5+m),Happy/Positive,Electronic,Moderate
1997,40th Annual GRAMMY Awards  (1997),Best Rock Instrumental Performance,Block Rockin' Beats,1,The Chemical Brothers,Brotherhood,Block Rockin' Beats,54.0,294026.0,0.606,0.977,1.0,-3.642,1.0,0.06,0.0206,0.5,0.179,0.809,109.41,4.0,breakbeat,Clean,4.9,1990,Moderate,High Energy,Danceable,Medium (3.5-5m),Happy/Positive,Electronic,Moderate
1997,40th Annual GRAMMY Awards  (1997),Best R&B Performance By A Duo Or Group With Vocal,No Diggity,1,Blackstreet;Dr. Dre;Queen Pen,Another Level,No Diggity,77.0,304600.0,0.867,0.646,1.0,-4.674,0.0,0.288,0.303,0.0,0.279,0.67,88.634,4.0,r-n-b,Clean,5.08,1990,Popular,Medium Energy,Very Danceable,Long (5+m),Happy/Positive,Hybrid,Slow
1997,40th Annual GRAMMY Awards  (1997),Best World Music Album,Nascimento,1,Jota Quest;Milton Nascimento,Acústico Jota Quest,O Sol (feat. Milton Nascimento) - Acústico,41.0,389297.0,0.432,0.557,2.0,-9.57,1.0,0.0408,0.63,0.000565,0.688,0.249,79.599,4.0,mpb,Clean,6.49,1990,Moderate,Medium Energy,Low Danceability,Long (5+m),Sad/Negative,Hybrid,Slow
1996,39th Annual GRAMMY Awards  (1996),Best Male Pop Vocal Performance,Change The World,1,Eric Clapton,Forever Man,Change the World - 2015 Remaster,58.0,234813.0,0.719,0.556,9.0,-8.77,1.0,0.0248,0.477,0.00511,0.0935,0.511,96.9,4.0,blues,Clean,3.91,1990,Moderate,Medium Energy,Very Danceable,Medium (3.5-5m),Neutral,Hybrid,Moderate
1996,39th Annual GRAMMY Awards  (1996),Best Female Rock Vocal Performance,If It Makes You Happy,1,Sheryl Crow,Los Clásicos del Pop 90s,If It Makes You Happy,1.0,325373.0,0.53,0.753,7.0,-5.146,1.0,0.0286,0.0463,0.000109,0.105,0.306,95.398,4.0,songwriter,Clean,5.42,1990,Low,High Energy,Danceable,Long (5+m),Sad/Negative,Electronic,Moderate
1996,39th Annual GRAMMY Awards  (1996),Best Hard Rock Performance,Bullet With Butterfly Wings,1,The Smashing Pumpkins,Mellon Collie And The Infinite Sadness (Deluxe Edition),Bullet With Butterfly Wings - Remastered 2012,75.0,258466.0,0.404,0.72,10.0,-9.18,0.0,0.0623,5.59e-05,0.836,0.0466,0.475,121.864,4.0,grunge,Clean,4.31,1990,Popular,High Energy,Low Danceability,Medium (3.5-5m),Neutral,Electronic,Fast
1996,39th Annual GRAMMY Awards  (1996),Best Latin Pop Performance,Enrique Iglesias,1,Nicky Jam;Enrique Iglesias,Fénix,El Perdón (with Enrique Iglesias),74.0,205906.0,0.628,0.69,8.0,-5.83,1.0,0.0511,0.443,0.0,0.113,0.66,179.908,4.0,reggae,Clean,3.43,1990,Popular,Medium Energy,Danceable,Short (2.5-3.5m),Happy/Positive,Hybrid,Very Fast
1995,38th Annual GRAMMY Awards  (1995),Best Male Pop Vocal Performance,Kiss From A Rose,1,Seal,Seal,Kiss from a Rose,74.0,288426.0,0.584,0.533,10.0,-7.11,0.0,0.0305,0.684,0.0,0.306,0.224,131.745,3.0,british,Clean,4.81,1990,Popular,Medium Energy,Danceable,Medium (3.5-5m),Sad/Negative,Hybrid,Fast
1995,38th Annual GRAMMY Awards  (1995),Best Female Rock Vocal Performance,You Oughta Know,1,Alanis Morissette,Timeless Rock Hits,You Oughta Know,1.0,249760.0,0.641,0.861,4.0,-6.9,1.0,0.0697,0.227,0.0,0.868,0.473,105.32,4.0,songwriter,Explicit,4.16,1990,Low,High Energy,Danceable,Medium (3.5-5m),Neutral,Electronic,Moderate
1995,38th Annual GRAMMY Awards  (1995),Best Rap Solo Performance,Gangsta's Paradise,1,Coolio;L.V.,Gangsta's Paradise,Gangsta's Paradise,89.0,240693.0,0.647,0.514,8.0,-10.05,1.0,0.0593,0.0655,0.0,0.398,0.386,79.975,4.0,funk,Clean,4.01,1990,Very Popular,Medium Energy,Danceable,Medium (3.5-5m),Sad/Negative,Electronic,Slow
1994,37th Annual GRAMMY Awards  (1994),Best Male Pop Vocal Performance,Can You Feel The Love Tonight,1,Elton John,The Lion King: Special Edition Original Soundtrack (Swedish Version),Can You Feel the Love Tonight,60.0,241253.0,0.313,0.275,10.0,-12.501,1.0,0.0326,0.887,0.0003,0.11,0.148,124.085,4.0,piano,Clean,4.02,1990,Moderate,Low Energy,Low Danceability,Medium (3.5-5m),Sad/Negative,Acoustic,Fast
1994,37th Annual GRAMMY Awards  (1994),Best Rock Performance By A Duo Or Group With Vocal,Crazy,1,Aerosmith,Get A Grip,Crazy,75.0,316693.0,0.37,0.866,6.0,-3.879,0.0,0.0384,0.0868,0.0,0.137,0.427,162.086,3.0,hard-rock,Clean,5.28,1990,Popular,High Energy,Low Danceability,Long (5+m),Neutral,Electronic,Very Fast
1994,37th Annual GRAMMY Awards  (1994),Best Hard Rock Performance,Black Hole Sun,1,Soundgarden,Superunknown (Deluxe Edition),Black Hole Sun,77.0,318586.0,0.35,0.828,6.0,-5.373,1.0,0.041,0.000217,0.000161,0.0774,0.147,105.435,4.0,metal,Clean,5.31,1990,Popular,High Energy,Low Danceability,Long (5+m),Sad/Negative,Electronic,Moderate
1994,37th Annual GRAMMY Awards  (1994),Best Metal Performance,Spoonman,1,Soundgarden,Superunknown (20th Anniversary),Spoonman,67.0,246920.0,0.457,0.902,7.0,-5.624,1.0,0.0313,2.17e-05,0.196,0.258,0.834,92.711,4.0,grunge,Clean,4.12,1990,Popular,High Energy,Low Danceability,Medium (3.5-5m),Happy/Positive,Electronic,Moderate
1994,37th Annual GRAMMY Awards  (1994),Best Rock Instrumental Performance,Marooned,1,Pink Floyd,The Division Bell,Marooned,56.0,330385.0,0.396,0.341,7.0,-14.836,1.0,0.0303,0.384,0.568,0.12,0.148,74.203,4.0,psych-rock,Clean,5.51,1990,Moderate,Low Energy,Low Danceability,Long (5+m),Sad/Negative,Hybrid,Slow
1994,37th Annual GRAMMY Awards  (1994),Best R&B Performance By A Duo Or Group With Vocal,I'll Make Love To You,1,Boyz II Men,II,I'll Make Love To You,67.0,236760.0,0.559,0.49,2.0,-8.06,1.0,0.0247,0.103,0.0,0.099,0.202,142.447,3.0,r-n-b,Clean,3.95,1990,Popular,Medium Energy,Danceable,Medium (3.5-5m),Sad/Negative,Electronic,Fast
1993,36th Annual GRAMMY Awards  (1993),Best Rock Performance By A Duo Or Group With Vocal,Livin' On The Edge,1,Aerosmith,Get A Grip,Livin' On The Edge,62.0,380893.0,0.399,0.881,2.0,-4.341,1.0,0.0347,0.0019,0.00429,0.39,0.272,84.58,4.0,hard-rock,Clean,6.35,1990,Popular,High Energy,Low Danceability,Long (5+m),Sad/Negative,Electronic,Slow
1993,36th Annual GRAMMY Awards  (1993),Best Hard Rock Performance With Vocal,Plush,1,Stone Temple Pilots,Core,Plush,66.0,310346.0,0.423,0.954,7.0,-3.157,0.0,0.047,0.0021,0.0,0.177,0.5,144.553,4.0,grunge,Clean,5.17,1990,Popular,High Energy,Low Danceability,Long (5+m),Neutral,Electronic,Fast
1993,36th Annual GRAMMY Awards  (1993),Best R&B Performance By A Duo Or Group With Vocal,No Ordinary Love,1,Sade,Love Deluxe,No Ordinary Love,67.0,440466.0,0.629,0.364,11.0,-12.259,0.0,0.038,0.467,0.0204,0.0941,0.701,166.266,4.0,british,Clean,7.34,1990,Popular,Low Energy,Danceable,Long (5+m),Happy/Positive,Hybrid,Very Fast
1992,35th Annual GRAMMY Awards  (1992),"Best Pop Vocal Performance, Male",Tears In Heaven,1,Eric Clapton,Rush (Music from the Motion Picture Soundtrack),Tears in Heaven,66.0,271760.0,0.498,0.242,9.0,-12.238,1.0,0.0257,0.835,0.536,0.133,0.312,153.744,4.0,blues,Clean,4.53,1990,Popular,Low Energy,Low Danceability,Medium (3.5-5m),Sad/Negative,Acoustic,Very Fast
1992,35th Annual GRAMMY Awards  (1992),Best Hard Rock Performance With Vocal,Give It Away,1,Red Hot Chili Peppers,Blood Sugar Sex Magik (Deluxe Edition),Give It Away,73.0,282906.0,0.666,0.936,7.0,-9.919,1.0,0.0476,0.00244,0.086,0.153,0.776,91.577,4.0,metal,Clean,4.72,1990,Popular,High Energy,Danceable,Medium (3.5-5m),Happy/Positive,Electronic,Moderate
1992,35th Annual GRAMMY Awards  (1992),Best Metal Performance,Wish,1,Nine Inch Nails,Broken,Wish,56.0,226733.0,0.516,0.989,7.0,-7.206,1.0,0.0754,0.000407,0.355,0.697,0.149,135.053,4.0,industrial,Explicit,3.78,1990,Moderate,High Energy,Danceable,Medium (3.5-5m),Sad/Negative,Electronic,Fast
1992,35th Annual GRAMMY Awards  (1992),Best R&B Performance By A Duo Or Group With Vocal,End Of The Road,1,Boyz II Men,Cooleyhighharmony (Bonus Tracks Version),End Of The Road,71.0,351466.0,0.64,0.427,5.0,-9.29,0.0,0.0241,0.0664,0.0,0.0579,0.529,149.703,3.0,r-n-b,Clean,5.86,1990,Popular,Medium Energy,Danceable,Long (5+m),Neutral,Electronic,Fast
1991,34th Annual GRAMMY Awards  (1991),Best Pop Performance By A Duo Or Group With Vocal,Losing My Religion,1,R.E.M.,Out Of Time (25th Anniversary Edition),Losing My Religion,84.0,268426.0,0.666,0.855,9.0,-5.051,0.0,0.0295,0.179,1.2e-06,0.0987,0.803,125.639,4.0,indie,Clean,4.47,1990,Very Popular,High Energy,Danceable,Medium (3.5-5m),Happy/Positive,Electronic,Fast
1991,34th Annual GRAMMY Awards  (1991),Best Rock Instrumental Performance,Cliffs Of Dover,1,Eric Johnson,Ah Via Musicom,Cliffs Of Dover - Instrumental,59.0,249767.0,0.449,0.775,7.0,-12.029,1.0,0.0405,0.162,0.149,0.248,0.313,94.907,4.0,j-rock,Clean,4.16,1990,Moderate,High Energy,Low Danceability,Medium (3.5-5m),Sad/Negative,Electronic,Moderate
1991,34th Annual GRAMMY Awards  (1991),Best Rap Solo Performance,Mama Said Knock You Out,1,LL COOL J,Mama Said Knock You Out,Mama Said Knock You Out,64.0,289693.0,0.791,0.759,10.0,-7.378,0.0,0.129,0.0314,0.674,0.255,0.619,102.382,4.0,hardcore,Explicit,4.83,1990,Popular,High Energy,Very Danceable,Medium (3.5-5m),Happy/Positive,Electronic,Moderate
1991,34th Annual GRAMMY Awards  (1991),Best Music Video - Short Form,Losing My Religion,1,R.E.M.,Out Of Time (25th Anniversary Edition),Losing My Religion,84.0,268426.0,0.666,0.855,9.0,-5.051,0.0,0.0295,0.179,1.2e-06,0.0987,0.803,125.639,4.0,indie,Clean,4.47,1990,Very Popular,High Energy,Danceable,Medium (3.5-5m),Happy/Positive,Electronic,Fast
1989,32nd Annual GRAMMY Awards  (1989),Best Hard Rock Performance,Cult Of Personality,1,Living Colour,Vivid (Expanded Edition),Cult of Personality,68.0,294826.0,0.504,0.918,0.0,-3.463,1.0,0.0517,0.00164,2.12e-05,0.78,0.539,92.031,4.0,hard-rock,Clean,4.91,1980,Popular,High Energy,Danceable,Medium (3.5-5m),Neutral,Electronic,Moderate
1989,32nd Annual GRAMMY Awards  (1989),Best Metal Performance,One,1,Metallica,...And Justice For All,One,73.0,447440.0,0.437,0.695,7.0,-9.447,1.0,0.0617,0.00111,0.0857,0.124,0.413,102.178,3.0,metal,Clean,7.46,1980,Popular,Medium Energy,Low Danceability,Long (5+m),Neutral,Electronic,Moderate
1989,32nd Annual GRAMMY Awards  (1989),Best R&B Performance By A Duo Or Group With Vocal,Back To Life,1,Soul II Soul;Caron Wheeler,Keep On Movin',Back To Life,66.0,228266.0,0.817,0.484,7.0,-11.659,1.0,0.143,0.0515,0.000213,0.0391,0.671,100.978,4.0,british,Clean,3.8,1980,Popular,Medium Energy,Very Danceable,Medium (3.5-5m),Happy/Positive,Electronic,Moderate
1988,31st Annual GRAMMY Awards  (1988),"Best Pop Vocal Performance, Female",Fast Car,1,Tracy Chapman,Tracy Chapman,Fast Car,78.0,296800.0,0.711,0.292,4.0,-15.523,0.0,0.037,0.313,0.0,0.131,0.194,103.951,4.0,folk,Clean,4.95,1980,Popular,Low Energy,Very Danceable,Medium (3.5-5m),Sad/Negative,Hybrid,Moderate
1986,29th Annual GRAMMY Awards  (1986),"Best Pop Instrumental Performance, (Orchestra, Group Or Soloist)",Top Gun Anthem,1,Harold Faltermeyer;Steve Stevens,Top Gun - Motion Picture Soundtrack (Special Expanded Edition),"Top Gun Anthem - From ""Top Gun"" Original Soundtrack",62.0,252200.0,0.423,0.651,0.0,-8.741,1.0,0.0406,0.00799,0.618,0.31,0.14,107.011,4.0,german,Clean,4.2,1980,Popular,Medium Energy,Low Danceability,Medium (3.5-5m),Sad/Negative,Electronic,Moderate
1986,29th Annual GRAMMY Awards  (1986),"Best Rock Vocal Performance, Male",Addicted To Love,1,Robert Palmer;Eric 'ET' Thorngren,Riptide,Addicted To Love,68.0,363640.0,0.702,0.578,2.0,-13.415,1.0,0.031,0.382,5.89e-06,0.0425,0.975,111.617,4.0,disco,Clean,6.06,1980,Popular,Medium Energy,Very Danceable,Long (5+m),Happy/Positive,Hybrid,Moderate
1985,28th Annual GRAMMY Awards  (1985),"Best Rock Vocal Performance, Male",The Boys Of Summer,1,Don Henley,Building The Perfect Beast,The Boys Of Summer,77.0,288733.0,0.516,0.549,6.0,-13.741,1.0,0.0373,0.501,0.00572,0.184,0.907,176.941,4.0,singer-songwriter,Clean,4.81,1980,Popular,Medium Energy,Danceable,Medium (3.5-5m),Happy/Positive,Hybrid,Very Fast
1984,27th Annual GRAMMY Awards  (1984),"Best Pop Vocal Performance, Female",What's Love Got To Do With It,1,Tina Turner,What's Love Got to Do with It?,What's Love Got to Do with It,71.0,226880.0,0.851,0.406,1.0,-11.631,1.0,0.0661,0.219,6.41e-06,0.0853,0.792,97.84,4.0,disco,Clean,3.78,1980,Popular,Medium Energy,Very Danceable,Medium (3.5-5m),Happy/Positive,Electronic,Moderate
1984,27th Annual GRAMMY Awards  (1984),"Best Rock Vocal Performance, Male",Dancing In The Dark,1,Bruce Springsteen,Born In The U.S.A.,Dancing In the Dark,78.0,241306.0,0.527,0.942,1.0,-5.64,0.0,0.0366,0.0115,0.0,0.188,0.495,148.723,4.0,singer-songwriter,Clean,4.02,1980,Popular,High Energy,Danceable,Medium (3.5-5m),Neutral,Electronic,Fast
1984,27th Annual GRAMMY Awards  (1984),"Best R&B Vocal Performance, Male",Caribbean Queen (No More Love On The Run),1,Billy Ocean,The Very Best of Billy Ocean,Caribbean Queen (No More Love On the Run),69.0,244426.0,0.79,0.649,5.0,-7.507,1.0,0.0265,0.166,8.87e-05,0.092,0.954,113.798,4.0,disco,Clean,4.07,1980,Popular,Medium Energy,Very Danceable,Medium (3.5-5m),Happy/Positive,Electronic,Moderate
1984,27th Annual GRAMMY Awards  (1984),"Best Gospel Performance, Male",Michael W. Smith,1,Jim Brickman;Michael W. Smith,Destiny,Love of My Life (feat. Michael W. Smith),49.0,240506.0,0.443,0.28,0.0,-9.997,1.0,0.0281,0.463,1.09e-05,0.122,0.221,140.018,4.0,new-age,Clean,4.01,1980,Moderate,Low Energy,Low Danceability,Medium (3.5-5m),Sad/Negative,Hybrid,Fast
1984,27th Annual GRAMMY Awards  (1984),Best Reggae Recording,Anthem,1,Black Uhuru,Liberation: The Island Anthology,Black Uhuru Anthem - US Remix,26.0,336733.0,0.764,0.466,11.0,-12.357,1.0,0.0874,0.0707,0.000731,0.36,0.767,139.063,4.0,dub,Clean,5.61,1980,Low,Medium Energy,Very Danceable,Long (5+m),Happy/Positive,Electronic,Fast
1983,26th Annual GRAMMY Awards  (1983),"Best Pop Vocal Performance, Male",Thriller,1,Michael Jackson,Scream,Thriller,70.0,358053.0,0.764,0.887,11.0,-3.726,1.0,0.0744,0.0816,0.00011,0.847,0.72,118.427,4.0,soul,Clean,5.97,1980,Popular,High Energy,Very Danceable,Long (5+m),Happy/Positive,Electronic,Moderate
1983,26th Annual GRAMMY Awards  (1983),Best Pop Performance By A Duo Or Group With Vocal,Every Breath You Take,1,The Police,Synchronicity (Remastered 2003),Every Breath You Take,86.0,253920.0,0.82,0.452,1.0,-9.796,1.0,0.0348,0.543,0.00294,0.0714,0.74,117.401,4.0,rock,Clean,4.23,1980,Very Popular,Medium Energy,Very Danceable,Medium (3.5-5m),Happy/Positive,Hybrid,Moderate
1982,25th Annual GRAMMY Awards  (1982),"Best Pop Vocal Performance, Male",Truly,1,Lionel Richie,Lionel Richie,Truly,60.0,200506.0,0.366,0.238,1.0,-13.853,1.0,0.038,0.646,1e-05,0.0876,0.131,68.377,4.0,disco,Clean,3.34,1980,Moderate,Low Energy,Low Danceability,Short (2.5-3.5m),Sad/Negative,Hybrid,Slow
1982,25th Annual GRAMMY Awards  (1982),Best Pop Performance By A Duo Or Group With Vocal,Up Where We Belong,1,Joe Cocker;Jennifer Warnes,The Anthology,"Up Where We Belong - From ""An Officer And A Gentleman""",70.0,232666.0,0.624,0.306,2.0,-11.831,1.0,0.0318,0.634,2.67e-05,0.0632,0.227,139.912,4.0,blues,Clean,3.88,1980,Popular,Low Energy,Danceable,Medium (3.5-5m),Sad/Negative,Hybrid,Fast
1982,25th Annual GRAMMY Awards  (1982),Best Rock Performance By A Duo Or Group With Vocal,Eye Of The Tiger,1,Survivor,Rocky IV,Eye of the Tiger,77.0,245640.0,0.817,0.599,0.0,-9.249,0.0,0.0328,0.132,0.000311,0.0873,0.548,108.873,4.0,rock,Clean,4.09,1980,Popular,Medium Energy,Very Danceable,Medium (3.5-5m),Neutral,Electronic,Moderate
1982,25th Annual GRAMMY Awards  (1982),"Best R&B Vocal Performance, Male",Sexual Healing,1,Marvin Gaye;Kygo,Sexual Healing (Kygo Remix),Sexual Healing - Kygo Remix,64.0,368316.0,0.689,0.68,0.0,-7.196,0.0,0.0427,0.321,0.0211,0.0431,0.646,100.987,4.0,soul,Clean,6.14,1980,Popular,Medium Energy,Danceable,Long (5+m),Happy/Positive,Hybrid,Moderate
1982,25th Annual GRAMMY Awards  (1982),Best R&B Instrumental Performance,Sexual Healing (Instrumental Version),1,Marvin Gaye;Kygo,Sexual Healing (Kygo Remix),Sexual Healing - Kygo Remix,64.0,368316.0,0.689,0.68,0.0,-7.196,0.0,0.0427,0.321,0.0211,0.0431,0.646,100.987,4.0,soul,Clean,6.14,1980,Popular,Medium Energy,Danceable,Long (5+m),Happy/Positive,Hybrid,Moderate
1981,24th Annual GRAMMY Awards  (1981),Best Rock Instrumental Performance,Behind My Camel,1,The Police,Halloween Songs | Witches Hour,Behind My Camel - Remastered 2003,1.0,173600.0,0.509,0.326,0.0,-9.59,0.0,0.0254,0.0618,0.805,0.293,0.229,86.829,4.0,rock,Clean,2.89,1980,Low,Low Energy,Danceable,Short (2.5-3.5m),Sad/Negative,Electronic,Slow
1981,24th Annual GRAMMY Awards  (1981),"Best Country Vocal Performance, Female",9 To 5,1,Dolly Parton,9 To 5 And Odd Jobs,9 to 5,77.0,162466.0,0.554,0.783,6.0,-5.852,1.0,0.0457,0.416,1.54e-06,0.631,0.813,105.39,4.0,country,Clean,2.71,1980,Popular,High Energy,Danceable,Short (2.5-3.5m),Happy/Positive,Hybrid,Moderate
1980,23rd Annual GRAMMY Awards  (1980),Best Pop Performance By A Duo Or Group With Vocal,Guilty,1,Barbra Streisand;Barry Gibb,Guilty,Guilty (feat. Barry Gibb),65.0,264333.0,0.626,0.425,0.0,-15.656,1.0,0.0356,0.231,0.0,0.114,0.952,150.875,4.0,disco,Clean,4.41,1980,Popular,Medium Energy,Danceable,Medium (3.5-5m),Happy/Positive,Electronic,Very Fast
1980,23rd Annual GRAMMY Awards  (1980),"Best Country Vocal Performance, Male",He Stopped Loving Her Today,1,George Jones,I Am What I Am (Expanded Edition),He Stopped Loving Her Today,56.0,195760.0,0.351,0.21,8.0,-14.838,1.0,0.0334,0.76,0.000138,0.29,0.394,144.25,4.0,honky-tonk,Clean,3.26,1980,Moderate,Low Energy,Low Danceability,Short (2.5-3.5m),Sad/Negative,Acoustic,Fast
1979,22nd Annual GRAMMY Awards  (1979),"Best Rock Vocal Performance, Female",Hot Stuff,1,Donna Summer,Bad Girls,Hot Stuff,67.0,314760.0,0.823,0.743,0.0,-13.98,1.0,0.0316,0.00559,0.0306,0.0707,0.966,120.471,4.0,disco,Clean,5.25,1970,Popular,High Energy,Very Danceable,Long (5+m),Happy/Positive,Electronic,Fast
1979,22nd Annual GRAMMY Awards  (1979),Best Disco Recording,I Will Survive,1,Gloria Gaynor,Love Tracks,I Will Survive,69.0,296106.0,0.77,0.775,9.0,-9.571,0.0,0.0495,0.0227,0.00262,0.297,0.802,116.935,4.0,disco,Clean,4.94,1970,Popular,High Energy,Very Danceable,Medium (3.5-5m),Happy/Positive,Electronic,Moderate
1979,22nd Annual GRAMMY Awards  (1979),"Best Country Vocal Performance, Male",The Gambler,1,Kenny Rogers,The Gambler,The Gambler,75.0,214880.0,0.671,0.501,4.0,-13.119,1.0,0.0594,0.342,0.0,0.194,0.86,87.04,4.0,country,Clean,3.58,1970,Popular,Medium Energy,Danceable,Medium (3.5-5m),Happy/Positive,Hybrid,Slow
1978,21st Annual GRAMMY Awards  (1978),"Best Pop Vocal Performance, Male",Copacabana (At The Copa),1,Barry Manilow,The Greatest Songs Of The Seventies,Copacabana (At the Copa),56.0,241346.0,0.763,0.665,9.0,-7.914,0.0,0.0444,0.542,3.28e-05,0.0972,0.803,108.035,4.0,disco,Clean,4.02,1970,Moderate,Medium Energy,Very Danceable,Medium (3.5-5m),Happy/Positive,Hybrid,Moderate
1978,21st Annual GRAMMY Awards  (1978),"Best Pop Vocal Performance By A Duo, Group Or Chorus",Saturday Night Fever,1,Bee Gees,How Can You Mend A Broken Heart,"More Than A Woman - From ""Saturday Night Fever"" Soundtrack",76.0,196213.0,0.601,0.703,7.0,-6.24,1.0,0.0379,0.175,8.4e-05,0.571,0.673,106.164,4.0,disco,Clean,3.27,1970,Popular,High Energy,Danceable,Short (2.5-3.5m),Happy/Positive,Electronic,Moderate
1977,20th Annual GRAMMY Awards  (1977),Best Pop Vocal Performance By A Group,How Deep Is Your Love,1,Bee Gees,Greatest,How Deep Is Your Love,74.0,245200.0,0.633,0.357,5.0,-9.366,0.0,0.0264,0.105,0.0,0.133,0.674,104.938,4.0,disco,Clean,4.09,1970,Popular,Low Energy,Danceable,Medium (3.5-5m),Happy/Positive,Electronic,Moderate
1977,20th Annual GRAMMY Awards  (1977),"Best R&B Vocal Performance, Female",Don't Leave Me This Way,1,Thelma Houston,"Hitsville USA, The Motown Collection 1972-1992",Don't Leave Me This Way - Single Version,28.0,218906.0,0.529,0.671,0.0,-9.745,0.0,0.0594,0.0972,9.99e-06,0.0917,0.673,121.071,4.0,disco,Clean,3.65,1970,Low,Medium Energy,Danceable,Medium (3.5-5m),Happy/Positive,Electronic,Fast
1977,20th Annual GRAMMY Awards  (1977),"Best R&B Vocal Performance By A Duo, Group Or Chorus",Best Of My Love,1,The Emotions,Rejoice,Best of My Love,70.0,220560.0,0.784,0.713,0.0,-6.865,1.0,0.0339,0.447,0.14,0.0904,0.97,115.443,4.0,disco,Clean,3.68,1970,Popular,High Energy,Very Danceable,Medium (3.5-5m),Happy/Positive,Hybrid,Moderate
1976,19th Annual GRAMMY Awards  (1976),"Best Pop Vocal Performance By A Duo, Group Or Chorus",If You Leave Me Now,1,Chicago,Chicago X,If You Leave Me Now,74.0,235373.0,0.434,0.563,11.0,-6.784,1.0,0.0268,0.0197,0.000824,0.128,0.275,104.183,4.0,singer-songwriter,Clean,3.92,1970,Popular,Medium Energy,Low Danceability,Medium (3.5-5m),Sad/Negative,Electronic,Moderate
1976,19th Annual GRAMMY Awards  (1976),Best Pop Instrumental Performance,Breezin',1,George Benson,Breezin',Breezin',60.0,341733.0,0.682,0.752,2.0,-9.521,1.0,0.0454,0.476,0.863,0.0768,0.964,81.081,4.0,guitar,Clean,5.7,1970,Moderate,High Energy,Danceable,Long (5+m),Happy/Positive,Hybrid,Slow
1975,18th Annual GRAMMY Awards  (1975),Best Country Song,(Hey Won't You Play) Another Somebody Done Somebody Wrong Song,1,Free Nationals;Daniel Caesar;Unknown Mortal Orchestra,Free Nationals,Beauty & Essex (feat. Daniel Caesar & Unknown Mortal Orchestra),69.0,277046.0,0.552,0.741,11.0,-5.419,0.0,0.0542,0.284,8.2e-05,0.334,0.718,69.709,4.0,soul,Explicit,4.62,1970,Popular,High Energy,Danceable,Medium (3.5-5m),Happy/Positive,Electronic,Slow
1973,16th Annual GRAMMY Awards  (1973),"Best Pop Vocal Performance, Female",Killing Me Softly With His Song,1,Roberta Flack,Killing Me Softly,Killing Me Softly With His Song,72.0,286920.0,0.476,0.381,5.0,-10.238,0.0,0.0342,0.727,0.0,0.0614,0.33,121.948,4.0,soul,Clean,4.78,1970,Popular,Low Energy,Low Danceability,Medium (3.5-5m),Sad/Negative,Acoustic,Fast
1973,16th Annual GRAMMY Awards  (1973),"Best R&B Vocal Performance, Male",Superstition,1,Stevie Wonder,Halloween Hits,Superstition,4.0,267733.0,0.611,0.583,1.0,-14.182,1.0,0.0668,0.057,0.0195,0.0857,0.877,100.82,4.0,indie,Clean,4.46,1970,Low,Medium Energy,Danceable,Medium (3.5-5m),Happy/Positive,Electronic,Moderate
1973,16th Annual GRAMMY Awards  (1973),"Best R&B Vocal Performance By A Duo, Group Or Chorus",Midnight Train To Georgia,1,Gladys Knight & The Pips,Imagination (Expanded Edition),Midnight Train to Georgia,71.0,279333.0,0.595,0.379,10.0,-12.058,0.0,0.0454,0.271,2.81e-05,0.1,0.448,92.006,4.0,disco,Clean,4.66,1970,Popular,Low Energy,Danceable,Medium (3.5-5m),Neutral,Electronic,Moderate
1973,16th Annual GRAMMY Awards  (1973),"Best Country Vocal Performance, Male",Behind Closed Doors,1,Charlie Rich,Love Songs,Behind Closed Doors,55.0,174666.0,0.492,0.329,2.0,-11.788,1.0,0.0274,0.961,0.199,0.0955,0.589,85.196,4.0,rockabilly,Clean,2.91,1970,Moderate,Low Energy,Low Danceability,Short (2.5-3.5m),Neutral,Acoustic,Slow
1970,13th Annual GRAMMY Awards  (1970),"Best R&B Vocal Performance, Male",The Thrill Is Gone,1,B.B. King;Tracy Chapman,Deuces Wild,The Thrill Is Gone,64.0,301133.0,0.692,0.493,9.0,-9.662,0.0,0.0325,0.0934,0.00166,0.128,0.28,86.644,4.0,blues,Clean,5.02,1970,Popular,Medium Energy,Danceable,Long (5+m),Sad/Negative,Electronic,Slow
1970,13th Annual GRAMMY Awards  (1970),"Best Country Vocal Performance, Male",For The Good Times,1,Ray Price,The Essential Ray Price,For the Good Times,47.0,227786.0,0.352,0.204,3.0,-15.414,1.0,0.0311,0.76,0.000426,0.327,0.524,83.342,4.0,honky-tonk,Clean,3.8,1970,Moderate,Low Energy,Low Danceability,Medium (3.5-5m),Neutral,Acoustic,Slow
1968,11th Annual GRAMMY Awards  (1968),Best Contemporary Pop Performance - Vocal Duo Or Group,Mrs. Robinson,1,Simon & Garfunkel,Bookends,"Mrs. Robinson - From ""The Graduate"" Soundtrack",75.0,244026.0,0.606,0.457,6.0,-14.035,0.0,0.0497,0.713,2.53e-05,0.0747,0.813,92.033,4.0,folk,Clean,4.07,1960,Popular,Medium Energy,Danceable,Medium (3.5-5m),Happy/Positive,Acoustic,Moderate
1968,11th Annual GRAMMY Awards  (1968),"Best Rhythm & Blues Vocal Performance, Male",(Sittin' On) The Dock Of The Bay,1,Otis Redding,The Dock of the Bay (Mono),(Sittin' On) the Dock of the Bay,76.0,163755.0,0.769,0.367,2.0,-11.226,1.0,0.0312,0.684,1.62e-05,0.081,0.535,103.621,4.0,soul,Clean,2.73,1960,Popular,Low Energy,Very Danceable,Short (2.5-3.5m),Neutral,Hybrid,Moderate
1968,11th Annual GRAMMY Awards  (1968),Best Rhythm & Blues Song,(Sittin' On) The Dock Of The Bay,1,Free Nationals;Daniel Caesar;Unknown Mortal Orchestra,Free Nationals,Beauty & Essex (feat. Daniel Caesar & Unknown Mortal Orchestra),69.0,277046.0,0.552,0.741,11.0,-5.419,0.0,0.0542,0.284,8.2e-05,0.334,0.718,69.709,4.0,soul,Explicit,4.62,1960,Popular,High Energy,Danceable,Medium (3.5-5m),Happy/Positive,Electronic,Slow
1966,9th Annual GRAMMY Awards  (1966),"Best Contemporary (R&R) Group Performance, Vocal Or Instrumental","Monday, Monday",1,The Mamas & The Papas,If You Can Believe Your Eyes & Ears,"Monday, Monday - Single Version",61.0,208293.0,0.488,0.464,1.0,-9.496,1.0,0.0284,0.742,0.0,0.57,0.709,109.853,4.0,psych-rock,Clean,3.47,1960,Popular,Medium Energy,Low Danceability,Short (2.5-3.5m),Happy/Positive,Acoustic,Moderate
1964,7th Annual GRAMMY Awards  (1964),"Best Vocal Performance, Male","Hello, Dolly!",1,Louis Armstrong,"Hello, Dolly! (Remastered)","Hello, Dolly!",62.0,147000.0,0.0,0.405,0.0,-9.935,1.0,0.0,0.842,0.00114,0.198,0.0,0.0,0.0,jazz,Clean,2.45,1960,Popular,Medium Energy,Low Danceability,Very Short (<2.5m),Sad/Negative,Acoustic,Slow
1964,7th Annual GRAMMY Awards  (1964),Best Performance By A Vocal Group,A Hard Day's Night,1,The Beatles,A Hard Day's Night (Remastered),A Hard Day's Night - Remastered 2009,67.0,154200.0,0.59,0.805,0.0,-6.481,1.0,0.0371,0.137,0.0,0.0996,0.797,138.514,4.0,psych-rock,Clean,2.57,1960,Popular,High Energy,Danceable,Short (2.5-3.5m),Happy/Positive,Electronic,Fast
1964,7th Annual GRAMMY Awards  (1964),Best Rock & Roll Recording,Downtown,1,Petula Clark,The Classic Collection,Downtown,20.0,185066.0,0.495,0.54,4.0,-9.647,1.0,0.0389,0.718,0.0,0.163,0.559,118.359,4.0,rock-n-roll,Clean,3.08,1960,Low,Medium Energy,Low Danceability,Short (2.5-3.5m),Neutral,Acoustic,Moderate
1962,5th Annual GRAMMY Awards  (1962),Best Rhythm & Blues Recording,I Can't Stop Loving You,1,Ray Charles,"Modern Sounds in Country and Western Music, Vols 1 & 2",I Can't Stop Loving You,63.0,256120.0,0.31,0.279,5.0,-13.552,1.0,0.0308,0.815,0.0,0.318,0.377,79.397,3.0,piano,Clean,4.27,1960,Popular,Low Energy,Low Danceability,Medium (3.5-5m),Sad/Negative,Acoustic,Slow
1961,4th Annual GRAMMY Awards  (1961),Best Rock & Roll Recording,Let's Twist Again,1,Chubby Checker,It's Pony Time/Let's Twist Again,Let's Twist Again,68.0,137360.0,0.604,0.709,8.0,-6.377,1.0,0.158,0.0987,0.0,0.0551,0.907,167.832,4.0,rock-n-roll,Clean,2.29,1960,Popular,High Energy,Danceable,Very Short (<2.5m),Happy/Positive,Electronic,Very Fast
1961,4th Annual GRAMMY Awards  (1961),Best Rhythm & Blues Recording,Hit The Road Jack,1,Ray Charles,True Genius,Hit the Road Jack,70.0,119880.0,0.598,0.571,8.0,-12.616,0.0,0.139,0.704,0.0,0.513,0.962,173.141,4.0,soul,Clean,2.0,1960,Popular,Medium Energy,Danceable,Very Short (<2.5m),Happy/Positive,Acoustic,Very Fast
1958,1st Annual GRAMMY Awards  (1958),Best Rhythm & Blues Performance,Tequila,1,The Champs,Greatest Hits / Tequila,Tequila,60.0,135240.0,0.671,0.742,5.0,-9.912,1.0,0.0441,0.121,0.679,0.0601,0.897,89.748,4.0,rockabilly,Clean,2.25,1950,Moderate,High Energy,Danceable,Very Short (<2.5m),Happy/Positive,Electronic,Slow
